student_id,attendance_percentage,assignment_average,quiz_average,midterm_marks,practical_marks,project_marks,previous_gpa,login_frequency,materials_accessed,quiz_attempts,assignments_submitted,total_assignments,late_submissions,consecutive_absences,discussion_participation,time_spent,final_marks,at_risk
STU2000,85.3,59.7,67.6,60.9,68.1,81.2,2.75,11,42,5,7,9,0,1,0,16.9,68.2,0
STU2001,64.9,76.8,91.2,80.8,81.4,93.9,3.9,17,51,7,9,13,2,4,6,25.9,81.2,0
STU2002,67.2,84.6,59.7,66.1,56.7,61.9,3.46,16,53,5,6,8,1,4,2,22.6,62.3,0
STU2003,97.3,88.6,92.5,60.4,71.1,75.5,3.2,17,50,3,7,8,2,0,2,24.8,77.6,1
STU2004,68.4,38.2,58.7,48.8,76.6,46.7,2.31,9,24,4,7,12,1,3,1,12.7,42.7,1
STU2005,96.4,66.4,56.8,53.3,61.4,64.9,2.31,13,38,4,10,12,3,1,0,19.9,61.6,0
STU2006,66.5,50.4,56.7,45.6,66.2,52.5,2.12,10,31,6,6,11,2,4,5,18.4,49.4,1
STU2007,62.8,65.6,61.2,70.5,72.4,68.2,3.73,12,30,4,8,13,1,4,4,15.4,57.5,1
STU2008,91.4,82.1,64.8,84.7,79.3,76.7,3.2,19,51,5,12,14,2,1,3,27.6,84.4,0
STU2009,66.8,82.4,62.1,61.1,75.4,51.5,3.42,14,39,7,6,8,1,4,3,20.3,59.7,0
STU2010,86.5,41.5,45.7,62.0,36.4,65.5,2.04,6,28,3,6,8,1,2,3,15.7,49.8,1
STU2011,90.7,82.7,75.1,71.4,83.9,85.4,3.94,18,40,6,7,8,0,1,3,22.8,83.6,0
STU2012,88.5,91.8,92.3,86.3,60.1,84.8,3.66,15,49,6,12,14,0,1,5,23.0,90.5,0
STU2013,71.9,54.4,50.0,53.9,46.9,50.6,2.42,11,28,4,5,8,1,4,2,16.5,52.1,1
STU2014,82.0,59.5,58.6,42.8,58.3,67.4,2.36,11,26,4,7,10,1,1,2,16.1,51.7,1
STU2015,84.0,58.7,50.1,55.7,60.0,28.4,2.37,14,46,4,10,13,3,2,1,21.6,50.0,1
STU2016,45.7,48.6,28.4,58.2,41.3,48.0,2.61,11,36,6,4,9,1,11,0,19.0,30.3,1
STU2017,79.7,57.3,69.0,43.4,81.6,67.8,3.05,14,46,6,6,9,2,1,1,17.1,59.4,0
STU2018,89.9,76.6,47.5,69.4,71.5,64.2,2.86,13,42,5,9,11,3,2,2,23.9,65.2,0
STU2019,92.1,72.8,61.7,33.8,48.2,81.1,2.58,14,50,6,7,10,1,1,1,15.6,60.1,0
STU2020,89.2,73.3,58.9,62.6,45.3,66.8,3.22,15,45,3,6,8,0,2,1,19.4,62.4,0
STU2021,79.6,52.1,72.6,64.5,52.0,61.2,2.28,10,29,6,5,8,0,1,2,15.6,65.2,1
STU2022,89.8,50.3,70.8,52.3,52.1,66.7,2.58,15,44,7,9,12,3,2,3,22.6,63.1,1
STU2023,75.1,63.8,60.2,45.3,62.7,73.6,2.73,13,44,4,8,12,2,1,0,24.5,61.4,1
STU2024,95.6,76.0,82.0,65.2,58.2,65.0,2.91,18,46,7,10,11,1,1,2,18.4,76.0,0
STU2025,89.6,81.7,70.4,100.0,43.4,75.4,3.57,18,47,6,7,8,1,2,4,22.6,83.0,0
STU2026,76.0,62.4,59.0,31.5,50.2,65.6,2.4,10,28,7,7,11,1,0,1,9.4,53.2,0
STU2027,77.5,63.9,67.1,53.9,60.8,71.9,3.03,15,32,5,7,10,2,2,0,20.3,67.4,0
STU2028,81.7,75.9,72.0,84.1,77.3,56.8,3.18,12,36,5,7,9,1,0,2,19.0,75.5,0
STU2029,83.1,41.9,63.4,63.6,40.9,45.5,2.09,13,28,5,5,8,2,0,1,23.0,51.2,1
STU2030,90.3,75.2,80.2,71.4,93.4,79.8,3.22,14,40,8,11,13,0,0,2,20.6,73.9,0
STU2031,96.2,58.9,62.5,42.1,26.4,68.9,2.34,11,37,3,11,14,5,0,1,20.6,53.5,0
STU2032,72.1,48.2,30.9,63.5,71.6,41.0,2.13,11,30,1,5,10,2,3,0,18.6,50.1,1
STU2033,77.1,80.8,70.6,99.8,75.1,55.8,3.9,10,38,6,6,8,0,1,6,15.5,82.7,0
STU2034,67.1,79.4,76.0,88.4,91.9,87.3,3.93,11,25,6,9,14,0,2,9,12.1,81.1,0
STU2035,68.3,81.3,73.1,66.8,75.4,64.1,3.62,14,46,6,9,13,1,3,1,21.6,66.3,0
STU2036,81.5,56.3,47.9,55.7,76.2,40.5,2.61,13,41,5,9,12,3,2,2,15.0,48.1,0
STU2037,73.7,35.5,73.3,42.9,47.1,21.4,2.2,10,21,5,6,11,3,3,2,19.0,38.2,1
STU2038,74.6,86.2,85.2,74.5,54.0,81.6,3.37,11,46,5,10,12,2,2,2,17.9,78.2,0
STU2039,74.5,73.5,67.5,74.7,84.5,65.0,2.88,11,32,8,6,9,3,4,5,20.6,71.3,1
STU2040,71.7,38.2,50.1,53.8,52.0,47.7,2.24,12,31,3,8,12,0,3,1,16.3,47.5,0
STU2041,64.8,66.2,57.9,48.9,68.2,76.4,2.99,13,30,4,5,8,0,4,1,19.2,61.4,0
STU2042,97.1,51.2,45.7,62.4,69.6,61.7,2.07,13,36,5,10,13,5,0,1,19.6,58.7,0
STU2043,72.2,82.4,77.9,83.7,61.8,97.8,3.82,17,47,6,9,12,2,3,3,23.2,82.1,0
STU2044,80.1,59.7,59.7,60.5,66.7,44.5,2.52,13,38,5,5,8,1,2,0,17.9,56.2,0
STU2045,86.1,74.1,60.9,88.3,61.0,76.3,3.33,13,36,6,8,9,2,2,1,20.2,77.4,0
STU2046,79.3,52.9,62.0,44.7,57.4,44.1,2.62,12,38,6,10,14,5,1,2,15.6,48.1,1
STU2047,92.7,67.3,69.1,68.8,66.7,70.9,3.04,12,33,5,11,13,3,0,1,14.3,69.9,0
STU2048,72.8,58.6,45.5,59.1,43.9,64.8,3.09,13,28,6,8,12,3,4,1,21.9,56.6,0
STU2049,61.9,40.5,39.5,29.2,43.9,55.3,2.37,12,34,1,5,11,2,2,1,20.2,31.2,1
STU2050,80.2,85.3,77.9,89.2,99.4,87.3,3.94,17,36,7,10,11,0,0,3,22.4,91.0,0
STU2051,61.0,64.7,87.3,96.3,86.5,78.6,3.55,16,47,6,9,13,3,2,0,27.5,76.1,0
STU2052,66.9,84.8,81.8,61.9,77.2,88.0,3.88,14,35,8,8,11,0,2,0,18.9,67.5,0
STU2053,98.0,100.0,72.3,87.3,80.5,100.0,3.79,20,56,6,12,12,3,0,4,30.6,95.9,0
STU2054,84.6,68.1,75.4,76.7,63.5,70.4,3.2,14,47,5,10,12,2,0,2,21.4,71.2,0
STU2055,69.7,81.7,61.2,81.6,98.0,71.8,3.84,18,45,6,10,13,2,3,2,20.8,73.1,0
STU2056,91.2,59.0,65.8,48.2,49.6,57.9,2.18,13,43,6,9,12,3,0,1,25.2,53.1,0
STU2057,62.9,51.8,44.2,32.7,59.4,41.8,2.39,12,33,5,8,14,1,4,2,20.9,37.0,1
STU2058,88.8,52.9,51.7,49.0,68.5,67.7,2.09,15,51,3,5,8,1,1,2,21.7,55.4,0
STU2059,78.5,65.3,72.1,48.6,48.1,57.7,2.65,12,33,5,6,9,4,2,3,20.1,53.0,0
STU2060,87.1,69.2,51.2,39.7,85.0,60.4,2.78,14,36,4,11,14,5,0,2,18.6,59.8,1
STU2061,89.3,51.7,46.8,69.0,35.2,57.4,2.54,16,48,4,10,14,2,0,1,25.1,52.1,1
STU2062,86.8,89.8,73.5,90.9,99.3,90.7,3.66,16,43,7,10,11,5,2,3,14.9,91.2,0
STU2063,74.0,66.0,68.8,56.8,55.1,58.6,2.71,10,26,4,5,8,2,4,2,12.5,60.2,1
STU2064,68.6,47.6,38.6,53.5,54.8,48.8,2.56,16,43,4,7,13,2,4,0,25.0,47.2,1
STU2065,77.9,68.2,38.0,76.5,37.9,85.6,3.09,13,37,3,9,11,0,1,2,18.4,73.0,0
STU2066,43.8,43.6,35.8,39.7,47.4,32.4,2.28,8,32,3,3,8,2,8,3,15.2,13.8,1
STU2067,77.9,76.6,80.9,86.5,58.5,79.7,3.6,17,38,6,9,12,1,2,4,18.4,80.0,0
STU2068,79.5,58.4,62.4,42.2,43.1,57.3,2.15,10,30,5,9,13,4,0,1,21.5,51.4,1
STU2069,79.8,100.0,77.8,99.5,77.5,71.1,3.97,14,43,3,11,13,2,2,4,24.1,91.6,0
STU2070,74.7,69.5,69.1,78.4,87.5,81.8,3.54,15,43,5,8,11,2,2,3,20.7,77.6,0
STU2071,85.9,46.3,68.6,54.7,59.1,47.5,2.4,9,34,5,8,12,3,1,1,14.4,51.8,1
STU2072,60.3,41.8,22.6,23.6,54.8,49.6,2.01,8,25,3,6,11,1,5,0,17.0,24.4,1
STU2073,79.1,85.0,72.3,81.3,58.0,70.7,3.63,15,42,5,8,10,1,0,0,27.1,74.4,0
STU2074,79.4,73.2,74.4,65.3,58.0,83.0,3.41,14,43,6,6,8,1,2,6,23.4,75.7,0
STU2075,85.3,89.9,79.9,70.0,98.9,90.1,3.46,12,35,8,9,10,0,0,5,24.6,86.9,0
STU2076,82.2,68.0,70.7,69.2,62.1,88.2,3.54,18,48,7,7,8,1,1,2,21.4,77.1,0
STU2077,79.9,55.4,50.9,34.6,77.1,53.4,2.15,12,38,5,6,9,2,1,2,15.9,49.0,1
STU2078,73.5,53.9,33.4,77.4,57.1,57.8,2.72,15,39,3,10,14,4,2,1,17.3,56.4,0
STU2079,78.5,64.8,44.9,60.1,53.5,46.3,2.23,11,29,5,8,13,1,2,0,18.0,51.5,1
STU2080,96.5,100.0,88.5,100.0,91.9,100.0,3.73,15,40,7,10,11,1,1,4,21.5,100.0,0
STU2081,98.1,73.0,66.3,63.2,87.8,72.3,3.25,16,52,5,8,9,0,1,2,22.5,69.4,1
STU2082,91.9,60.6,64.4,61.2,58.3,55.0,2.66,13,21,6,8,9,0,0,3,19.9,67.3,0
STU2083,81.0,56.8,55.0,32.2,46.1,57.5,2.13,9,29,4,9,13,1,1,1,18.8,44.0,1
STU2084,77.1,55.2,54.4,48.2,58.5,51.5,2.62,15,43,6,9,13,3,1,0,16.7,53.4,1
STU2085,62.4,52.6,54.9,42.2,64.8,45.4,2.65,10,22,5,4,8,0,4,3,13.4,45.0,1
STU2086,85.4,78.5,65.8,88.8,85.3,64.6,3.46,12,37,6,8,10,2,2,6,20.8,80.7,0
STU2087,71.5,53.8,65.3,64.2,69.2,65.7,3.28,16,47,7,8,12,1,5,2,21.1,61.3,1
STU2088,56.8,73.1,77.0,85.7,85.9,74.5,3.77,12,38,7,5,8,2,10,3,16.0,64.7,1
STU2089,79.8,60.3,66.0,69.2,88.7,69.2,2.94,12,22,4,9,12,3,0,1,19.9,64.7,1
STU2090,97.5,54.9,52.5,75.7,59.3,68.4,2.24,10,37,5,7,9,4,1,4,12.8,66.6,0
STU2091,61.5,79.7,68.7,53.8,76.1,75.3,3.43,16,41,6,8,12,3,5,2,21.0,65.8,1
STU2092,83.3,68.7,82.9,89.8,50.0,77.7,3.52,13,41,7,8,10,3,0,3,20.5,76.9,0
STU2093,84.0,77.5,48.5,79.9,27.4,69.9,3.12,14,44,3,6,8,2,1,4,18.9,64.8,0
STU2094,80.4,75.8,86.7,67.1,79.0,84.1,3.54,17,43,6,10,13,2,1,3,25.2,70.9,0
STU2095,87.4,67.5,64.5,76.5,63.4,83.1,2.99,15,46,6,7,10,0,1,2,19.9,70.0,0
STU2096,65.8,68.5,65.6,64.6,58.0,65.2,3.05,12,33,5,8,14,1,4,8,22.1,59.2,1
STU2097,75.5,65.0,73.4,57.6,66.5,58.9,2.86,9,17,6,7,10,1,0,3,13.5,67.4,0
STU2098,81.8,53.3,35.8,35.4,49.9,39.7,2.05,10,36,5,10,14,3,0,1,18.6,44.2,1
STU2099,67.1,53.9,40.2,35.8,70.2,33.4,2.22,11,29,4,4,8,1,3,0,18.9,38.4,1
STU2100,68.2,40.9,42.1,60.4,52.2,51.8,2.06,8,21,3,8,13,4,5,1,11.6,43.6,1
STU2101,79.2,67.2,62.2,70.4,57.9,79.0,3.27,15,40,4,8,10,4,0,1,14.8,67.9,1
STU2102,73.7,48.4,74.1,62.1,74.3,64.1,2.63,13,39,6,10,14,2,4,0,20.4,65.7,0
STU2103,77.6,59.8,56.4,56.3,62.0,66.2,3.02,15,42,3,9,13,2,0,2,21.4,60.8,0
STU2104,92.0,100.0,78.4,78.7,85.1,100.0,3.82,14,43,6,11,11,4,1,2,22.2,85.3,0
STU2105,85.8,69.3,60.8,65.8,50.3,55.2,2.5,17,41,5,7,11,1,2,0,22.0,60.3,0
STU2106,72.9,49.8,47.8,44.8,52.6,71.5,2.82,14,36,5,7,11,3,4,0,18.5,48.4,1
STU2107,82.3,67.6,71.3,72.5,73.9,78.6,3.51,15,42,6,10,12,1,1,4,27.2,72.8,0
STU2108,60.4,52.2,52.3,46.8,57.1,44.2,2.46,12,44,4,6,10,2,2,2,14.6,41.5,1
STU2109,51.6,43.1,37.4,38.1,59.5,47.1,2.15,13,37,5,4,8,1,9,1,21.3,27.6,1
STU2110,77.9,62.2,56.5,52.6,54.7,63.0,2.58,9,33,4,5,8,3,0,1,13.8,56.5,1
STU2111,83.9,53.0,49.7,54.4,27.3,59.4,2.32,12,35,3,8,12,2,0,0,17.1,55.1,1
STU2112,90.1,87.2,68.9,93.8,71.4,89.5,3.86,12,33,5,7,8,0,1,3,16.9,84.6,0
STU2113,90.5,86.1,83.2,88.9,86.2,83.6,3.62,16,44,8,12,14,1,0,5,19.8,93.6,0
STU2114,90.4,77.2,91.4,63.8,64.5,100.0,3.27,16,44,7,10,11,2,1,2,23.9,78.9,0
STU2115,89.8,68.0,82.1,81.3,72.4,98.1,3.74,16,48,6,9,10,3,1,3,26.8,83.3,0
STU2116,75.0,75.3,76.6,88.6,88.9,85.6,3.61,13,44,8,7,8,2,2,4,21.2,83.9,0
STU2117,68.9,43.2,57.6,56.0,44.9,52.7,2.37,7,24,3,5,8,1,5,1,13.3,46.7,1
STU2118,73.5,81.5,64.3,66.5,53.6,91.5,3.79,16,51,4,7,9,1,3,3,19.9,75.3,0
STU2119,74.9,90.4,82.1,68.2,63.8,73.0,3.08,16,40,5,7,9,2,3,1,23.4,78.8,0
STU2120,82.8,83.4,79.3,59.4,67.0,81.5,3.61,14,38,7,8,9,2,2,0,26.5,73.2,0
STU2121,58.1,71.6,88.0,76.2,62.4,73.1,3.79,14,36,7,6,10,2,9,2,18.7,60.8,0
STU2122,91.4,71.7,55.8,78.7,56.9,63.9,2.64,11,34,6,8,11,1,1,3,16.1,76.0,0
STU2123,67.0,50.1,65.5,33.6,60.7,16.2,2.22,11,31,6,7,13,3,5,1,15.2,34.0,1
STU2124,68.8,55.0,59.8,40.5,56.7,55.3,2.46,10,34,5,7,11,2,2,0,14.9,49.0,1
STU2125,81.1,69.4,68.9,69.2,67.4,60.6,2.85,12,30,6,8,11,4,1,3,9.4,62.4,1
STU2126,77.7,95.2,78.2,62.7,100.0,95.8,3.64,13,38,6,8,10,3,1,2,20.4,83.7,0
STU2127,88.2,75.7,78.5,76.9,70.7,85.5,3.72,15,46,5,12,14,3,2,3,19.1,79.2,0
STU2128,55.8,41.4,51.8,41.0,54.4,27.9,2.01,9,17,7,6,14,3,6,0,9.1,28.4,1
STU2129,73.3,57.3,64.9,56.6,57.7,65.6,3.02,10,41,6,7,10,1,5,2,19.4,50.7,0
STU2130,93.6,73.6,47.7,62.5,49.8,59.0,2.83,14,39,4,7,9,3,1,4,16.9,62.5,0
STU2131,61.5,41.1,38.1,53.9,47.9,55.2,2.44,10,20,4,4,8,1,3,0,14.0,34.4,1
STU2132,70.1,44.5,46.9,48.6,46.4,52.2,2.24,8,26,5,7,12,1,2,1,18.4,44.6,1
STU2133,78.9,57.7,62.5,59.5,65.5,70.7,2.68,16,45,5,8,12,2,0,2,18.1,59.5,1
STU2134,80.4,92.7,80.6,81.2,100.0,78.0,3.89,14,40,6,11,13,3,2,3,15.6,84.0,0
STU2135,77.0,66.1,70.5,59.4,49.0,60.2,2.65,11,37,6,5,8,0,1,1,18.3,60.3,1
STU2136,86.4,60.3,48.9,66.0,59.3,57.3,3.04,12,39,5,10,13,2,1,2,21.9,57.2,1
STU2137,80.6,75.8,74.2,78.4,70.1,83.3,3.41,18,51,5,7,9,1,0,4,19.8,77.4,0
STU2138,57.3,46.8,34.6,46.6,66.8,59.8,2.73,12,37,5,8,13,0,7,3,19.5,34.9,1
STU2139,61.2,68.3,83.0,78.3,83.1,85.3,3.94,12,34,7,5,8,0,2,1,19.7,64.1,0
STU2140,81.3,84.3,81.2,75.8,98.1,87.0,3.92,18,59,7,7,8,2,0,0,19.1,88.1,0
STU2141,74.3,52.3,59.0,51.3,21.2,60.2,2.5,12,28,6,8,12,3,5,1,19.8,47.0,1
STU2142,88.4,89.7,59.7,58.8,29.1,86.9,2.99,15,43,5,12,14,2,2,3,23.9,70.7,1
STU2143,70.7,58.8,68.1,41.6,51.6,53.9,2.6,11,33,6,6,9,3,3,3,16.2,52.8,0
STU2144,88.0,50.6,71.2,59.8,75.0,63.6,2.57,12,39,7,7,10,3,2,0,22.3,59.7,0
STU2145,84.3,45.7,56.6,47.1,27.6,40.1,2.07,12,31,4,9,13,2,1,0,21.1,42.3,1
STU2146,94.5,85.4,73.1,81.6,23.2,68.8,3.22,14,31,6,10,12,3,0,3,19.6,75.0,0
STU2147,77.6,82.8,70.5,59.6,73.6,68.2,3.01,17,48,6,10,13,5,1,1,22.0,74.7,0
STU2148,87.4,39.3,45.3,50.6,55.2,63.7,2.1,9,29,3,9,13,3,0,0,12.2,45.8,0
STU2149,73.7,40.6,64.1,58.2,42.0,54.4,2.56,15,50,8,6,10,1,2,1,21.9,50.7,0
STU2150,47.7,85.4,85.0,77.6,62.5,70.7,3.82,12,29,5,6,9,3,4,2,19.2,56.0,0
STU2151,76.5,58.3,65.9,43.5,42.6,52.3,2.48,12,41,4,6,8,2,2,2,17.7,51.5,1
STU2152,67.7,40.9,41.5,46.3,56.0,44.1,2.29,12,47,5,6,11,0,2,2,12.7,39.1,1
STU2153,72.3,67.8,66.0,65.3,55.3,67.8,2.98,11,31,6,9,13,2,3,1,20.7,61.3,1
STU2154,49.2,53.0,58.8,77.2,87.0,61.7,3.97,15,36,4,7,11,1,6,4,21.2,49.6,1
STU2155,88.2,60.0,65.1,34.5,14.4,73.4,2.48,8,23,6,6,9,3,1,4,12.6,46.3,1
STU2156,96.1,83.0,81.7,78.7,57.3,73.9,3.34,15,43,8,10,11,2,1,1,23.9,79.5,0
STU2157,98.5,92.2,62.4,100.0,56.0,92.1,3.52,15,45,5,12,13,1,0,1,26.1,91.9,0
STU2158,79.6,48.2,44.6,49.0,53.3,44.7,2.48,10,27,7,7,10,2,1,1,7.3,43.6,1
STU2159,73.6,74.2,68.4,65.6,63.8,81.6,3.46,14,48,4,9,11,2,3,2,22.3,69.8,0
STU2160,92.1,59.1,62.1,65.9,73.0,73.7,2.74,15,37,6,7,9,1,0,3,16.4,68.4,0
STU2161,78.2,73.6,57.4,73.0,41.1,76.5,3.26,15,34,6,7,9,1,2,1,21.9,73.0,0
STU2162,86.6,67.8,76.4,84.4,69.7,65.7,3.27,15,48,7,11,14,3,0,3,22.2,70.7,0
STU2163,76.8,63.9,68.1,52.6,74.4,70.8,3.07,12,24,5,9,14,0,0,4,18.9,62.9,1
STU2164,67.8,37.7,44.9,49.7,80.6,35.5,2.18,11,31,4,5,10,2,5,1,15.4,41.0,1
STU2165,77.6,84.7,68.8,84.8,67.8,78.0,3.67,15,58,6,9,11,1,1,3,17.2,80.3,0
STU2166,87.6,69.7,72.4,57.3,64.5,73.8,2.64,15,42,7,9,11,1,1,1,19.8,60.5,0
STU2167,77.9,51.7,70.3,53.1,28.5,62.7,2.37,13,32,6,8,14,2,1,1,19.8,55.5,1
STU2168,84.7,50.8,46.2,55.5,15.3,51.4,2.08,12,35,5,5,8,1,2,2,21.1,52.3,0
STU2169,86.3,61.6,64.8,79.2,80.4,64.1,3.18,13,37,4,10,12,3,2,2,15.6,71.1,0
STU2170,82.1,72.5,77.4,61.7,70.2,82.3,3.36,13,38,6,6,9,0,0,4,22.3,69.0,0
STU2171,88.7,50.8,48.1,53.6,68.2,51.9,2.03,11,36,3,6,8,3,1,1,15.5,51.7,1
STU2172,84.2,90.1,66.0,65.6,44.8,46.7,3.02,13,32,5,7,9,0,0,1,19.7,72.0,0
STU2173,78.7,46.7,62.9,52.5,64.6,64.4,2.45,13,46,6,6,8,4,2,2,18.5,59.5,0
STU2174,95.1,90.6,56.8,76.3,97.4,78.9,3.29,17,49,5,12,14,2,0,0,24.0,83.3,0
STU2175,54.2,51.6,58.3,40.6,61.5,58.0,2.35,9,31,7,8,14,3,6,2,18.0,39.0,1
STU2176,68.0,72.1,68.7,81.4,74.9,60.5,3.38,13,34,6,9,12,1,2,3,15.1,66.6,1
STU2177,85.9,78.9,59.5,60.3,61.7,33.8,2.77,14,46,5,6,8,1,2,0,18.8,59.5,0
STU2178,96.1,93.9,85.5,77.8,54.5,93.9,3.87,16,44,7,8,9,0,1,2,22.8,85.7,0
STU2179,73.0,52.8,50.0,42.2,74.5,54.0,2.28,9,29,4,7,11,4,2,1,22.3,51.4,1
STU2180,79.8,60.2,42.6,59.1,51.1,44.7,2.68,9,23,4,6,9,1,2,2,11.9,56.9,1
STU2181,64.2,55.0,61.4,54.7,61.0,37.2,2.23,9,23,6,6,13,2,2,0,20.6,47.6,1
STU2182,87.7,95.8,83.5,92.0,54.3,100.0,3.85,17,51,7,11,14,2,0,3,29.7,87.1,0
STU2183,89.5,80.9,86.4,75.8,58.6,83.3,3.75,15,40,6,9,10,1,2,3,20.7,81.2,0
STU2184,86.3,49.3,68.8,80.4,79.3,67.8,2.52,12,31,5,7,10,2,2,0,16.8,70.2,1
STU2185,81.9,72.5,61.5,74.9,64.6,68.5,3.32,15,39,5,11,14,3,0,1,18.8,72.8,0
STU2186,91.6,77.9,85.4,95.0,96.3,63.8,3.63,17,51,7,11,13,2,1,4,23.5,83.4,0
STU2187,81.7,69.4,65.4,66.0,65.5,69.1,3.11,12,32,7,8,10,2,0,3,13.6,76.7,0
STU2188,81.9,78.8,75.7,71.7,38.3,67.2,3.06,16,44,5,11,14,2,2,2,22.0,67.3,0
STU2189,80.1,53.0,35.2,61.3,70.6,53.7,2.48,14,40,3,8,10,1,1,1,24.7,52.7,1
STU2190,82.2,51.3,51.1,59.0,43.9,51.4,2.19,9,18,5,9,14,4,0,2,12.2,52.6,0
STU2191,70.1,79.4,69.9,90.0,87.4,83.1,3.79,13,30,4,10,12,2,2,2,17.7,87.2,0
STU2192,67.2,84.7,79.4,87.4,77.4,78.0,3.8,17,49,5,8,11,1,3,3,18.4,76.3,0
STU2193,55.6,44.6,66.3,60.0,45.8,52.1,3.27,11,29,5,7,11,3,7,0,17.8,40.9,1
STU2194,64.0,49.3,47.2,46.7,62.6,60.8,2.68,7,28,3,5,9,0,4,1,14.2,46.7,1
STU2195,81.5,63.2,53.6,61.5,93.4,43.0,2.7,10,35,5,8,13,3,2,3,16.7,59.4,0
STU2196,80.9,86.0,72.6,84.3,79.2,56.8,3.45,14,44,6,12,14,6,1,2,19.9,77.5,0
STU2197,53.1,68.2,61.0,72.1,76.1,81.9,3.79,10,39,5,5,8,2,10,4,16.0,59.7,1
STU2198,64.8,61.4,82.2,88.0,92.7,83.2,3.77,13,37,7,7,9,2,4,0,20.6,75.4,0
STU2199,68.1,78.4,67.4,88.1,76.6,74.5,3.56,14,43,7,7,9,1,2,0,20.4,78.4,0
STU2200,72.2,64.5,38.7,59.4,72.4,57.0,3.28,16,42,5,11,14,1,2,3,22.9,62.0,1
STU2201,61.4,33.4,40.7,31.9,36.1,37.8,2.17,9,40,2,7,14,3,5,0,16.8,26.0,1
STU2202,68.0,43.7,39.1,44.3,58.4,47.6,2.32,13,47,4,5,9,1,2,1,23.5,41.3,1
STU2203,75.2,79.5,61.5,84.1,92.5,66.3,3.8,18,50,5,7,9,0,1,3,26.4,79.2,0
STU2204,88.2,69.7,59.7,66.5,55.7,67.7,3.21,18,52,5,9,11,3,2,2,25.2,68.8,0
STU2205,58.9,21.3,42.0,49.6,71.6,47.5,2.02,10,37,3,4,8,1,10,2,21.3,32.1,1
STU2206,82.9,59.4,65.9,51.7,51.7,67.4,2.2,8,24,6,6,9,3,0,2,15.1,58.1,0
STU2207,44.1,69.4,61.8,61.5,56.6,57.8,3.33,12,32,5,6,11,2,11,2,21.7,46.4,1
STU2208,74.6,50.2,40.2,26.2,65.1,53.9,2.01,13,42,3,6,9,3,2,0,21.4,47.9,1
STU2209,93.0,49.5,62.7,40.0,50.5,39.9,2.32,13,38,4,8,10,3,1,1,13.7,42.9,1
STU2210,43.9,52.9,50.0,58.7,77.9,63.9,3.1,14,41,4,5,9,2,5,1,24.2,39.6,1
STU2211,74.3,72.3,63.3,50.1,66.4,65.6,3.38,16,41,5,10,14,3,4,2,22.3,60.6,0
STU2212,89.5,81.7,62.6,84.3,68.7,80.5,3.3,16,36,6,11,13,2,1,4,21.2,79.0,0
STU2213,89.7,65.2,41.7,53.4,64.1,57.9,2.45,15,44,5,9,13,2,2,3,22.2,58.4,0
STU2214,57.1,60.5,61.0,99.6,75.7,81.7,3.42,13,42,5,5,9,2,5,4,18.6,68.6,1
STU2215,83.0,58.3,58.9,76.6,27.2,49.8,2.47,7,21,5,8,12,3,0,0,13.4,57.6,1
STU2216,77.2,62.5,57.4,54.0,42.9,66.3,2.65,11,40,6,7,10,2,1,0,16.0,51.9,0
STU2217,62.2,81.4,63.7,69.2,86.3,68.8,3.49,15,39,6,5,8,0,3,0,24.7,62.4,0
STU2218,63.8,72.1,55.6,76.3,67.5,66.7,3.3,11,27,5,6,9,1,2,6,16.2,65.3,1
STU2219,73.9,84.8,81.7,95.4,67.6,78.0,3.7,14,40,6,6,8,0,4,4,19.1,76.4,0
STU2220,84.1,75.6,59.3,56.4,49.3,67.3,3.32,13,37,5,8,10,3,2,1,16.3,67.4,0
STU2221,81.0,81.4,76.0,50.0,50.9,71.0,3.14,18,54,5,7,9,3,0,2,25.6,69.2,0
STU2222,60.6,46.3,34.5,34.2,22.5,44.3,2.19,13,34,3,6,12,1,3,4,19.4,32.4,1
STU2223,43.1,40.1,40.4,53.3,59.5,52.2,2.74,7,29,4,4,11,1,5,3,14.7,25.7,1
STU2224,78.9,68.4,42.2,58.6,49.0,59.1,2.53,13,47,4,7,12,0,1,4,17.0,51.0,1
STU2225,82.0,63.2,52.2,64.3,42.8,66.5,2.49,11,32,4,11,14,4,2,2,12.2,62.1,1
STU2226,92.2,87.3,96.1,77.5,78.2,100.0,3.95,18,56,8,10,12,1,1,4,26.9,93.4,0
STU2227,50.0,46.9,56.4,27.5,67.3,42.7,2.79,11,27,4,6,11,2,10,2,21.0,30.4,1
STU2228,63.3,78.4,83.2,85.7,100.0,86.5,3.78,15,48,7,9,14,1,3,1,18.7,76.0,0
STU2229,88.7,79.4,78.4,64.7,46.3,64.4,3.26,16,50,6,10,11,1,0,5,27.6,71.6,0
STU2230,88.7,83.9,67.8,60.2,91.2,88.7,3.59,22,64,5,12,13,1,0,7,29.9,78.3,0
STU2231,95.3,75.7,67.7,70.7,79.7,79.7,3.01,13,37,5,9,11,0,0,0,19.1,72.6,0
STU2232,55.4,73.8,51.8,68.5,55.6,43.4,3.15,8,10,4,5,9,1,6,2,11.2,50.3,1
STU2233,84.1,76.9,80.0,64.2,67.8,70.1,2.99,13,34,6,6,8,0,0,0,14.6,67.8,0
STU2234,82.3,57.3,43.7,46.9,49.0,51.9,2.39,9,24,5,9,13,3,0,0,17.6,47.0,0
STU2235,94.3,89.2,87.2,77.2,74.5,74.3,3.44,13,33,6,11,13,3,1,6,16.4,79.1,0
STU2236,56.4,40.5,58.5,43.8,81.1,64.5,2.56,8,26,6,4,8,2,7,2,11.7,35.2,1
STU2237,76.6,49.8,66.0,28.6,59.8,41.2,2.05,9,25,7,7,13,4,0,2,17.7,44.1,1
STU2238,84.7,89.2,68.2,65.3,77.0,67.4,3.29,13,33,5,9,11,3,2,0,13.1,77.4,0
STU2239,84.7,54.2,63.0,56.6,48.9,57.5,2.35,13,32,5,8,12,1,0,0,14.0,55.3,1
STU2240,72.8,75.0,100.0,85.4,56.0,90.0,3.88,14,36,7,7,10,0,4,3,19.7,77.6,0
STU2241,91.1,84.4,79.1,89.9,75.5,88.6,3.91,17,53,6,9,11,1,0,2,24.8,89.5,0
STU2242,55.1,64.9,56.0,65.7,95.5,87.5,3.83,15,39,7,10,14,3,9,3,22.4,65.3,1
STU2243,51.1,44.0,32.0,48.2,38.2,58.0,2.74,8,22,3,7,14,4,5,0,12.7,27.0,1
STU2244,81.7,45.3,56.3,21.4,34.6,27.4,2.03,11,30,5,8,12,0,1,2,24.4,33.7,0
STU2245,77.7,72.0,60.9,84.9,79.7,79.0,3.86,16,47,6,10,12,1,1,5,21.8,79.9,0
STU2246,87.8,67.4,62.0,77.9,48.1,62.2,2.86,10,32,4,9,13,1,0,4,15.5,71.5,0
STU2247,80.3,93.0,86.3,70.8,67.1,91.6,3.93,11,17,6,7,9,1,1,3,13.1,81.3,0
STU2248,69.0,73.9,79.7,76.2,72.6,56.5,3.93,15,48,5,7,9,1,2,6,22.2,65.8,0
STU2249,93.3,98.6,86.8,87.7,55.1,100.0,3.71,18,57,6,12,13,0,1,3,26.9,94.2,0
STU2250,78.4,62.2,60.0,67.3,44.2,64.5,2.59,16,40,2,9,13,2,1,1,25.4,65.1,0
STU2251,73.6,68.1,72.0,52.9,72.1,62.6,2.77,13,33,6,5,8,2,4,1,14.2,61.9,0
STU2252,97.2,82.7,74.3,78.5,55.9,99.9,3.7,19,50,8,8,8,2,1,0,24.5,82.4,0
STU2253,60.9,58.9,45.7,30.9,35.5,77.4,2.63,10,26,4,5,10,0,2,3,16.9,42.8,1
STU2254,76.7,43.7,45.0,49.7,45.6,62.3,2.34,12,36,3,7,10,4,2,2,20.0,51.3,0
STU2255,85.4,78.6,77.7,89.1,77.7,81.7,3.11,18,40,6,9,10,2,1,2,23.4,82.2,0
STU2256,75.9,84.2,88.3,85.7,75.1,85.3,3.87,11,27,6,7,10,2,0,1,18.1,84.6,0
STU2257,67.5,74.3,72.5,69.3,63.9,70.0,3.39,14,48,5,8,12,2,5,5,18.6,62.4,1
STU2258,88.6,63.9,82.8,73.5,67.8,69.1,3.14,19,48,7,10,12,1,1,1,29.7,75.3,0
STU2259,71.2,40.2,36.5,43.6,26.7,40.5,2.19,11,39,4,5,8,0,4,2,20.7,35.9,1
STU2260,89.6,80.2,89.5,64.4,75.9,69.1,3.23,18,52,6,7,9,2,0,6,20.6,74.7,0
STU2261,65.0,73.0,92.6,90.3,85.5,68.9,3.98,13,28,8,10,13,0,5,1,15.0,75.9,0
STU2262,82.4,57.3,61.1,51.3,48.1,53.7,2.28,12,38,7,10,14,4,2,1,15.3,54.5,0
STU2263,68.9,52.4,80.1,62.2,80.6,48.0,3.04,13,37,8,6,9,2,3,3,21.1,60.6,1
STU2264,84.4,90.6,63.7,73.1,59.4,86.5,3.75,11,30,8,9,11,2,1,4,12.9,79.9,0
STU2265,91.2,71.2,72.6,91.7,89.1,81.2,3.48,13,39,5,11,12,1,1,3,18.3,82.8,0
STU2266,77.8,78.4,64.3,79.4,73.2,76.6,3.39,12,37,8,7,10,1,1,1,19.7,78.0,0
STU2267,78.3,79.4,79.2,67.6,66.0,70.3,3.4,16,49,6,8,10,2,0,4,22.5,75.5,0
STU2268,46.6,42.4,38.4,58.2,60.5,81.4,2.72,11,38,3,5,11,0,11,1,18.4,35.8,1
STU2269,56.8,54.1,57.7,43.3,57.2,65.2,2.59,11,35,5,5,9,2,6,0,14.1,41.1,1
STU2270,83.2,82.7,91.2,71.6,92.6,69.1,3.62,17,41,6,7,10,2,2,9,24.5,80.0,0
STU2271,80.4,75.2,83.4,71.0,58.2,82.9,3.62,15,40,7,7,9,1,1,6,19.2,77.9,0
STU2272,93.9,79.2,86.1,67.5,64.6,81.5,3.73,19,67,5,11,13,2,0,4,25.9,77.0,0
STU2273,87.3,70.8,72.6,90.0,92.9,76.9,3.83,16,49,6,10,11,0,0,2,23.4,81.4,0
STU2274,68.7,65.7,53.5,43.3,56.4,51.1,3.02,13,49,6,9,14,1,3,2,20.6,55.3,1
STU2275,72.4,51.5,75.4,50.0,78.6,69.7,3.0,12,42,6,7,9,4,5,2,18.9,62.9,1
STU2276,79.2,79.4,83.5,56.9,99.4,72.8,3.6,16,46,7,10,13,4,1,6,20.1,73.2,0
STU2277,72.2,67.8,67.6,68.0,63.5,80.9,3.3,13,39,6,6,9,1,3,0,18.4,69.8,0
STU2278,93.5,85.9,73.1,76.1,81.3,90.8,3.4,18,50,7,8,9,3,0,1,24.4,84.2,0
STU2279,67.4,71.4,51.2,70.8,56.6,89.2,3.59,11,24,3,6,10,1,3,2,12.1,65.8,1
STU2280,86.7,82.6,70.8,73.6,88.0,77.4,3.78,14,40,6,7,8,0,1,4,18.8,79.9,0
STU2281,87.9,69.5,81.7,47.9,63.1,69.0,2.68,15,49,6,9,12,1,1,1,23.1,68.6,1
STU2282,66.5,59.3,43.6,59.5,68.4,64.6,2.75,11,30,4,6,9,3,5,3,13.0,54.4,1
STU2283,66.3,47.8,48.4,36.6,43.1,42.2,2.19,9,30,5,6,9,1,3,1,18.7,37.0,1
STU2284,78.3,73.2,77.7,70.7,42.4,62.8,3.16,16,49,5,7,9,2,2,2,26.5,72.6,0
STU2285,75.7,34.4,35.2,33.5,58.6,64.0,2.07,10,25,2,5,8,2,1,2,11.8,42.3,1
STU2286,82.1,72.5,66.9,65.4,33.0,69.6,2.93,13,35,4,10,13,3,0,1,23.0,66.2,0
STU2287,63.2,66.9,70.5,74.4,61.5,70.2,3.09,15,37,5,8,14,2,3,3,20.3,63.3,1
STU2288,57.2,41.2,50.2,53.9,72.7,43.3,2.57,13,33,6,8,14,1,9,1,20.0,38.2,1
STU2289,77.1,67.5,96.3,63.6,70.6,58.4,3.18,17,41,7,8,11,1,2,2,21.2,70.1,0
STU2290,84.8,49.8,34.1,47.4,80.1,45.2,2.06,11,28,2,7,10,2,1,0,19.4,46.9,1
STU2291,83.7,48.9,61.2,42.4,66.5,49.6,2.07,14,47,5,6,8,2,2,1,22.1,49.2,1
STU2292,73.8,80.1,72.9,77.2,64.9,68.1,3.65,13,33,4,10,13,2,2,3,16.3,71.2,0
STU2293,49.0,60.5,57.5,45.7,61.2,51.5,2.72,8,26,4,5,9,2,7,4,10.5,32.5,1
STU2294,67.4,55.7,52.5,42.3,53.1,31.8,2.25,6,17,5,7,13,1,4,0,7.1,36.5,1
STU2295,86.1,59.8,61.1,69.4,41.9,59.8,3.04,18,56,4,6,8,2,1,2,25.6,62.0,0
STU2296,91.7,87.5,81.4,70.2,59.0,89.6,3.54,14,47,8,6,8,1,0,2,22.6,80.1,0
STU2297,52.6,55.3,27.4,33.3,48.1,53.1,2.43,9,32,3,4,8,0,11,3,17.4,27.5,1
STU2298,93.1,80.2,80.4,60.1,38.1,73.6,3.25,14,42,6,10,11,2,1,2,20.0,63.5,0
STU2299,89.2,62.8,57.2,32.6,53.3,44.5,2.17,14,39,5,9,12,4,2,0,16.6,53.4,1
STU2300,90.9,69.5,60.0,35.4,47.8,43.6,2.1,12,29,6,7,10,4,0,0,15.5,53.5,1
STU2301,77.5,75.4,76.3,66.8,40.8,64.6,3.06,11,42,7,7,11,1,0,1,21.5,68.2,1
STU2302,79.8,70.5,70.5,57.3,72.3,76.0,3.08,15,39,6,8,11,2,2,1,19.4,74.1,0
STU2303,91.0,85.3,75.7,79.1,79.9,86.6,3.27,12,38,7,10,12,0,0,4,18.8,80.1,0
STU2304,70.9,73.5,61.4,72.3,75.2,68.9,3.45,12,40,5,7,11,0,2,2,15.4,73.2,0
STU2305,94.2,91.9,80.0,70.5,74.4,80.5,3.95,13,35,7,7,8,1,1,4,19.9,78.5,0
STU2306,79.8,64.8,77.9,71.7,74.4,71.3,3.03,11,38,6,6,8,2,0,3,16.2,72.1,0
STU2307,90.6,76.6,77.4,67.8,69.9,56.4,2.65,14,44,6,10,13,4,0,1,23.7,66.5,0
STU2308,90.1,76.3,77.0,70.9,78.5,78.2,3.59,12,44,6,8,9,1,1,0,21.3,76.8,0
STU2309,45.0,56.1,45.7,47.9,45.8,59.8,2.54,6,18,4,5,11,0,9,1,10.1,32.1,1
STU2310,86.1,71.0,56.5,55.0,67.3,76.0,2.88,14,34,4,7,9,1,0,1,19.2,65.0,0
STU2311,73.0,36.1,60.0,44.4,70.3,50.3,2.16,10,27,5,6,10,0,4,1,14.0,48.2,1
STU2312,58.0,42.1,47.8,23.9,41.8,28.6,2.05,13,39,5,7,14,1,5,1,15.0,23.2,1
STU2313,76.7,67.4,100.0,66.4,100.0,87.5,3.93,19,53,9,6,8,0,0,0,22.9,78.9,0
STU2314,92.5,90.4,72.8,79.5,67.2,96.4,3.67,15,41,5,12,13,1,0,0,21.7,83.7,0
STU2315,73.5,79.3,66.3,70.1,71.4,69.8,3.39,15,33,7,7,10,1,5,3,21.3,74.1,1
STU2316,87.1,61.4,67.1,58.5,52.2,80.3,2.82,15,45,5,10,13,2,2,0,21.9,63.2,0
STU2317,81.6,55.5,61.1,38.4,58.5,68.4,2.35,11,42,6,10,14,1,1,1,17.1,56.8,0
STU2318,63.4,62.2,45.5,40.0,28.6,65.1,2.31,7,25,3,8,14,1,2,4,15.9,45.6,1
STU2319,98.6,60.4,54.5,61.5,49.3,67.6,2.5,14,43,5,9,12,3,1,2,20.7,55.9,0
STU2320,84.0,62.1,77.4,67.5,50.1,77.2,3.1,14,43,6,6,8,0,1,2,22.6,72.1,1
STU2321,95.8,93.8,85.8,80.7,73.5,96.3,3.43,15,44,5,9,10,2,1,3,16.1,95.2,0
STU2322,64.9,83.1,56.7,60.5,84.7,73.6,3.32,14,45,5,9,12,0,2,1,8.9,65.4,0
STU2323,62.6,51.3,65.3,61.1,68.1,48.1,2.56,9,29,7,9,14,2,3,1,16.0,50.8,1
STU2324,88.1,96.5,96.0,75.6,43.1,84.5,3.91,14,38,7,9,10,0,0,4,15.7,87.4,0
STU2325,87.7,90.3,77.9,82.4,100.0,82.6,3.48,16,41,8,11,13,0,1,2,21.3,86.4,0
STU2326,78.2,62.5,67.6,78.2,71.1,56.6,3.11,14,39,5,9,12,2,0,1,19.2,68.8,1
STU2327,90.1,71.6,78.5,77.4,56.7,74.6,3.22,13,39,7,9,12,3,0,5,24.1,70.7,0
STU2328,71.5,70.2,51.1,56.3,64.9,72.8,2.84,14,38,2,6,8,0,5,1,21.2,62.2,1
STU2329,58.4,61.7,49.4,41.4,60.1,28.4,2.5,7,24,7,5,9,1,8,1,13.5,36.6,1
STU2330,59.9,57.7,31.9,62.4,50.7,70.6,2.71,10,32,5,7,13,2,4,1,18.7,48.2,1
STU2331,86.0,72.7,85.4,63.7,75.7,91.7,3.52,15,47,6,11,13,2,0,2,22.8,80.9,0
STU2332,59.4,55.3,25.7,26.8,41.3,36.8,2.03,8,31,1,6,12,3,9,2,13.1,23.4,1
STU2333,94.4,53.1,72.1,47.6,47.4,63.1,2.23,12,35,6,10,12,2,0,1,21.3,55.3,1
STU2334,85.5,48.3,48.2,58.1,41.1,51.8,2.09,16,38,3,5,8,3,1,1,18.3,56.7,0
STU2335,89.5,55.2,50.6,50.5,29.7,65.3,2.08,10,28,5,6,9,1,1,0,16.8,51.5,1
STU2336,94.4,99.4,76.7,75.1,77.9,97.1,3.71,22,60,7,12,13,1,0,6,24.0,90.1,0
STU2337,78.6,81.4,69.2,70.1,79.9,61.6,3.41,15,33,5,11,14,3,1,5,20.9,73.3,0
STU2338,69.3,65.0,75.0,54.0,71.9,69.1,2.95,12,42,7,7,11,2,2,1,19.4,58.4,1
STU2339,60.3,46.7,19.7,33.4,65.2,43.0,2.2,10,31,3,5,11,2,4,1,21.1,33.9,1
STU2340,83.0,68.2,79.0,74.8,69.6,69.5,2.98,19,54,7,6,9,2,1,2,20.9,71.3,0
STU2341,66.4,65.0,63.2,45.5,56.2,54.9,2.95,10,37,5,6,10,2,3,1,14.9,46.3,0
STU2342,61.4,26.2,35.5,60.3,67.8,65.9,2.35,8,22,2,5,8,0,3,3,16.1,39.5,1
STU2343,65.2,56.1,47.3,65.4,42.7,70.6,2.87,10,33,5,5,9,2,2,1,17.3,45.9,1
STU2344,84.1,66.5,80.2,72.1,48.4,58.0,2.8,13,37,6,9,11,1,0,2,19.6,65.9,0
STU2345,75.4,60.6,58.5,63.7,54.0,57.7,3.23,10,29,4,9,12,3,1,3,13.0,57.1,0
STU2346,72.7,72.6,56.1,66.9,85.3,67.0,3.27,13,34,6,8,11,5,3,1,17.0,69.2,1
STU2347,61.6,39.8,54.5,24.2,65.5,47.7,2.09,13,46,7,7,12,2,4,1,23.7,30.9,1
STU2348,68.7,71.5,60.6,50.2,68.5,61.4,2.75,12,33,5,5,8,1,4,2,17.7,59.6,1
STU2349,87.1,87.5,63.0,77.2,84.9,88.1,3.25,14,43,7,9,12,0,2,3,21.6,85.7,0
STU2350,54.6,53.3,58.9,70.0,51.9,67.1,3.01,10,21,5,5,9,0,10,1,14.8,50.4,1
STU2351,83.6,81.5,69.0,70.5,80.9,93.2,3.71,17,53,5,10,12,3,2,1,20.4,79.5,0
STU2352,92.2,77.6,86.3,71.6,67.9,81.9,3.32,14,45,6,9,10,0,0,3,23.5,79.6,0
STU2353,83.2,51.2,65.4,48.8,67.6,41.8,2.33,16,45,7,6,9,1,2,2,23.8,48.3,1
STU2354,66.3,45.9,51.0,27.1,50.4,44.1,2.14,14,39,4,5,8,3,4,3,27.0,35.7,1
STU2355,84.7,68.5,75.7,78.2,63.5,85.9,3.28,15,45,7,7,9,3,1,1,18.5,73.8,0
STU2356,67.7,34.1,62.2,32.2,58.9,44.2,2.05,10,41,5,6,10,2,2,0,19.6,38.9,1
STU2357,73.1,72.7,66.1,64.3,80.7,74.0,3.17,15,34,5,5,8,1,5,1,16.5,76.4,0
STU2358,78.7,89.1,68.6,79.4,68.2,82.0,3.88,18,54,7,9,11,2,2,8,25.3,83.6,0
STU2359,78.4,63.0,72.1,59.5,66.3,60.2,3.15,12,30,5,7,10,3,2,2,20.5,57.3,0
STU2360,85.6,71.9,84.4,61.1,45.8,64.3,2.78,12,35,6,6,8,2,2,3,11.9,65.5,0
STU2361,70.0,63.7,56.9,65.8,31.8,73.3,3.29,11,31,6,10,14,2,3,1,16.3,59.3,0
STU2362,66.6,62.0,55.7,54.9,66.8,55.1,2.92,13,35,6,8,12,0,3,2,17.2,53.1,1
STU2363,92.0,80.2,75.5,62.9,75.5,71.7,3.09,16,45,7,8,9,0,1,0,20.2,71.7,0
STU2364,81.9,85.1,81.1,88.1,82.2,76.9,3.88,13,32,6,7,8,1,1,2,19.8,85.8,0
STU2365,88.5,69.5,54.7,78.5,32.3,77.6,2.77,13,43,4,6,9,3,2,1,23.1,64.2,0
STU2366,90.2,85.4,96.4,89.7,73.6,87.1,3.92,14,31,8,11,12,2,1,3,18.9,86.7,0
STU2367,57.0,72.5,94.8,85.8,43.9,90.7,3.81,11,35,8,6,8,3,11,3,17.9,72.2,1
STU2368,88.8,56.7,59.9,39.5,76.4,74.2,2.39,14,38,4,7,11,2,2,0,20.3,54.1,0
STU2369,78.0,43.0,40.7,46.1,35.8,49.3,2.14,10,24,4,8,14,3,0,1,15.4,44.4,1
STU2370,93.3,54.9,40.7,39.5,71.9,46.6,2.2,12,36,4,10,14,4,0,1,14.9,44.0,1
STU2371,69.1,31.0,47.4,24.8,64.7,24.0,2.04,7,15,2,5,10,2,3,0,15.4,33.0,1
STU2372,99.4,54.6,69.1,44.7,39.3,43.9,2.19,14,40,5,6,8,1,0,2,21.1,48.6,1
STU2373,78.0,71.2,76.0,84.1,53.5,60.9,3.37,14,33,6,10,12,2,2,2,20.7,72.7,0
STU2374,69.7,43.7,46.9,51.6,57.4,61.0,2.14,9,30,4,5,8,3,2,0,12.8,47.9,1
STU2375,85.8,60.1,55.3,60.5,46.9,63.9,2.64,13,33,7,7,9,1,0,2,17.3,58.0,0
STU2376,69.6,76.2,63.0,61.6,76.9,82.1,3.69,15,40,5,10,13,3,2,2,20.5,69.3,0
STU2377,57.8,42.9,49.4,34.4,43.5,19.0,2.05,7,24,3,4,8,1,10,0,8.4,25.4,1
STU2378,91.2,91.0,89.6,85.0,47.7,72.5,3.63,13,34,7,13,14,3,1,3,13.7,85.6,0
STU2379,85.9,55.4,44.5,58.2,25.0,70.2,2.56,17,47,4,10,14,3,2,2,21.5,57.7,1
STU2380,70.1,38.1,64.6,25.9,56.9,52.1,2.24,9,20,6,8,14,3,3,2,15.8,38.3,1
STU2381,94.5,72.3,83.2,68.8,62.5,79.5,3.39,16,48,7,9,11,1,0,0,20.6,74.2,0
STU2382,87.1,71.1,86.5,71.8,60.6,81.3,3.26,17,56,8,7,8,3,2,3,21.1,83.8,0
STU2383,61.5,71.9,58.8,81.3,86.8,93.0,3.75,21,71,5,6,10,1,4,6,26.5,74.2,1
STU2384,89.2,73.9,63.3,55.9,89.7,78.4,3.47,13,38,7,7,8,1,1,2,17.8,68.1,0
STU2385,85.3,70.9,76.5,78.1,70.0,82.7,3.61,16,49,7,10,13,2,2,5,21.6,77.9,0
STU2386,93.0,59.8,67.4,60.0,53.4,65.8,2.56,12,26,5,12,14,2,0,0,23.7,61.9,0
STU2387,75.4,53.7,70.5,57.1,62.8,77.4,2.35,10,38,8,6,9,1,2,3,20.0,62.3,0
STU2388,74.7,79.7,79.5,81.1,52.2,55.2,3.5,13,41,7,10,14,1,2,1,22.6,68.9,0
STU2389,79.1,74.4,73.5,83.9,77.6,86.8,3.61,13,35,5,7,8,2,1,2,22.4,80.3,0
STU2390,73.6,80.8,70.2,76.7,88.0,84.2,3.98,15,49,7,8,11,1,3,4,18.9,84.8,0
STU2391,78.2,55.4,74.1,40.9,72.6,69.5,2.83,10,29,8,9,12,3,2,1,12.2,60.0,0
STU2392,75.5,59.8,49.8,53.5,32.1,54.7,2.74,14,38,4,6,8,1,2,3,16.7,45.8,1
STU2393,79.1,70.9,91.2,86.7,61.9,78.3,3.55,15,45,7,7,8,0,2,3,25.5,85.0,0
STU2394,82.1,66.0,57.8,71.9,47.1,69.5,2.68,14,35,5,6,10,3,0,2,18.1,68.1,1
STU2395,69.5,65.7,92.8,87.8,79.4,100.0,3.86,14,45,8,8,11,1,3,5,16.9,81.0,0
STU2396,96.6,85.1,90.6,89.9,83.0,96.2,3.72,16,40,8,12,13,3,0,7,20.5,94.3,0
STU2397,91.5,71.2,65.7,68.5,85.3,60.7,2.86,15,37,6,10,12,1,1,2,20.0,67.7,0
STU2398,80.6,78.8,69.3,70.4,65.1,74.0,3.5,12,30,6,10,14,0,0,4,18.4,71.5,0
STU2399,56.1,89.2,62.6,67.5,65.2,65.3,3.51,12,39,7,6,9,2,6,1,19.3,64.4,0
STU2400,88.9,57.5,59.0,66.0,70.3,37.3,2.21,11,29,5,6,8,2,2,1,14.2,56.7,0
STU2401,68.2,70.4,76.2,69.7,81.5,76.7,3.81,13,31,7,9,13,0,2,1,20.6,63.8,0
STU2402,97.2,73.3,65.8,86.0,84.2,81.5,3.01,11,29,5,10,12,1,1,2,14.8,79.3,0
STU2403,78.0,65.1,74.6,75.4,79.1,67.6,3.65,18,50,6,7,9,2,0,4,23.9,73.0,0
STU2404,67.1,54.0,55.5,65.8,42.2,66.8,2.64,10,24,5,9,13,2,4,2,17.5,57.8,0
STU2405,71.7,72.9,55.2,65.8,56.9,85.8,3.79,17,42,5,9,11,2,4,3,20.9,68.8,0
STU2406,79.4,69.7,66.0,65.2,38.4,56.0,2.78,15,53,5,8,11,1,0,4,20.6,61.5,0
STU2407,79.6,42.9,38.5,35.0,60.3,46.9,2.02,8,21,5,7,12,2,2,0,15.3,44.0,1
STU2408,67.8,77.4,63.9,64.9,95.0,95.9,3.81,12,33,5,10,14,5,4,3,15.3,73.2,0
STU2409,83.0,46.8,35.4,49.2,80.5,60.0,2.18,17,46,3,7,9,1,0,0,22.0,50.7,1
STU2410,83.9,75.3,42.6,67.6,72.2,62.2,2.64,16,43,6,9,11,2,0,3,23.8,70.4,0
STU2411,56.2,72.9,59.4,69.2,95.9,75.3,3.9,13,41,6,9,12,2,5,4,25.7,62.9,0
STU2412,87.2,100.0,76.7,71.9,69.8,89.3,3.9,17,52,4,10,11,0,0,0,25.6,85.2,0
STU2413,73.4,73.8,85.3,64.9,49.9,63.5,3.15,12,33,6,7,11,1,5,2,19.3,67.6,0
STU2414,68.5,71.5,60.8,66.1,81.7,48.2,3.26,14,34,3,9,13,2,4,2,21.2,57.9,1
STU2415,77.9,67.0,64.7,67.0,69.7,85.6,2.9,12,41,4,9,13,2,0,2,15.5,69.0,0
STU2416,83.0,63.1,63.3,65.6,60.4,62.3,2.59,9,27,2,8,11,2,0,1,15.2,63.2,0
STU2417,49.3,32.4,50.1,47.0,65.7,54.4,2.66,7,31,4,5,10,1,8,1,13.6,28.9,1
STU2418,94.8,77.6,76.0,95.3,75.0,79.5,3.35,16,34,5,11,13,2,1,0,22.2,88.2,0
STU2419,63.6,77.3,56.6,73.2,91.8,65.0,3.5,11,33,5,5,9,1,5,0,17.4,64.4,1
STU2420,78.3,77.6,89.6,73.6,93.2,77.2,3.58,15,52,5,9,12,2,1,1,23.3,83.2,0
STU2421,75.8,65.7,92.2,60.2,81.9,62.1,3.58,12,33,7,9,12,0,2,3,17.0,69.4,1
STU2422,86.1,52.7,36.5,45.3,65.4,76.6,2.18,11,31,3,11,14,4,1,4,17.1,58.0,0
STU2423,87.2,83.3,57.6,63.0,72.5,58.0,2.99,16,46,6,7,9,3,0,3,18.7,69.6,0
STU2424,82.5,60.3,48.1,54.9,44.8,40.9,2.12,12,32,6,5,9,2,1,2,16.8,50.4,1
STU2425,44.0,54.1,45.0,60.6,77.8,53.0,3.1,10,28,5,4,9,1,8,2,20.0,36.2,1
STU2426,55.9,62.6,60.1,42.8,42.3,70.1,2.88,13,36,5,7,14,2,5,0,20.0,40.0,1
STU2427,83.2,80.9,72.9,84.6,92.4,84.8,3.78,17,44,8,7,9,2,1,2,22.9,85.6,0
STU2428,75.4,45.6,80.3,63.1,42.6,48.1,2.7,15,49,5,6,8,3,1,2,27.6,57.3,0
STU2429,80.7,44.6,64.2,62.7,57.8,65.5,2.23,11,35,4,9,14,1,0,0,13.2,56.0,0
STU2430,83.5,66.6,56.4,58.4,41.6,62.3,2.29,11,34,5,9,12,2,1,0,13.9,62.5,0
STU2431,87.0,78.1,87.4,86.0,81.1,86.3,3.52,13,42,9,7,8,1,0,5,24.7,82.1,0
STU2432,88.8,73.3,83.8,73.1,68.0,83.0,3.24,14,39,6,12,14,2,0,6,20.2,76.9,0
STU2433,73.9,46.2,43.8,48.6,29.1,73.9,2.2,13,34,4,6,11,1,5,2,18.1,51.8,0
STU2434,74.3,63.3,40.8,56.6,58.8,71.2,2.17,13,34,2,6,11,3,5,0,15.2,58.3,1
STU2435,73.4,85.4,71.0,58.2,62.4,66.9,3.4,16,45,7,9,12,0,5,1,23.6,69.0,0
STU2436,80.3,67.8,59.3,41.9,65.4,67.3,2.15,8,20,6,7,11,2,2,1,15.0,58.1,0
STU2437,87.0,81.4,80.6,73.4,74.7,87.2,3.64,18,47,7,8,9,2,1,2,20.8,82.1,0
STU2438,85.4,79.8,58.9,79.2,77.1,83.1,3.41,11,30,4,12,14,1,2,2,16.4,73.4,0
STU2439,96.4,44.7,48.5,62.9,38.1,40.1,2.16,15,53,4,7,8,4,0,0,21.3,49.7,1
STU2440,73.0,59.4,47.8,37.8,43.7,47.3,2.17,10,16,3,6,9,3,2,1,15.4,50.2,1
STU2441,96.6,83.8,87.6,67.5,72.7,85.1,3.97,19,52,7,11,11,1,1,2,22.0,79.8,0
STU2442,62.1,56.5,74.6,49.3,74.1,65.0,2.75,8,34,5,7,13,1,2,2,18.6,50.3,1
STU2443,70.2,49.1,43.7,64.9,86.3,70.1,2.74,14,41,3,6,8,1,2,1,23.0,57.2,1
STU2444,49.0,62.4,70.7,74.7,62.3,48.9,3.63,9,31,5,5,9,1,5,3,14.2,47.3,1
STU2445,66.6,72.8,91.4,84.9,94.6,81.0,3.89,13,38,7,9,14,0,2,3,18.6,76.1,1
STU2446,86.7,84.3,100.0,85.6,47.0,100.0,3.97,15,39,7,11,12,2,1,2,20.5,90.0,0
STU2447,76.8,71.5,69.2,62.2,54.7,75.2,3.51,11,21,6,7,9,2,1,1,13.6,68.2,0
STU2448,87.6,60.7,68.8,66.4,46.9,73.0,2.75,14,41,6,11,13,2,0,4,19.0,68.6,1
STU2449,80.8,57.3,56.9,37.7,32.2,55.1,2.17,15,39,5,7,11,3,0,1,20.1,45.1,1
STU2450,57.1,60.1,69.1,91.9,49.6,74.5,3.55,18,46,6,5,8,0,10,2,28.8,61.7,1
STU2451,75.7,69.4,65.1,71.6,72.9,66.1,3.12,14,38,4,9,12,4,0,1,22.8,69.2,0
STU2452,92.1,78.5,71.4,58.9,59.5,57.0,2.85,17,56,6,7,8,0,1,2,27.0,69.1,0
STU2453,82.2,80.0,55.2,77.3,82.9,73.8,3.81,16,57,5,10,12,2,2,3,24.6,74.0,0
STU2454,79.2,45.4,58.4,45.8,63.7,59.3,2.22,12,36,3,9,14,2,1,1,14.8,54.2,1
STU2455,83.4,66.2,67.7,62.8,68.8,69.1,2.99,13,35,7,6,8,2,2,2,18.8,70.4,0
STU2456,58.9,48.4,38.8,47.3,60.2,39.7,2.02,9,22,3,6,11,2,11,0,17.3,31.8,1
STU2457,71.3,63.8,81.8,62.3,63.0,59.4,2.94,14,42,7,8,14,1,5,2,16.6,60.6,0
STU2458,78.1,44.2,42.6,36.6,33.9,46.5,2.11,10,39,5,8,14,3,0,1,18.8,38.4,1
STU2459,69.1,51.3,44.3,63.0,69.4,59.4,2.24,10,29,5,7,12,2,2,2,22.9,60.7,0
STU2460,72.2,39.8,69.3,45.4,44.7,46.6,2.24,11,21,6,6,10,2,5,1,19.1,43.9,1
STU2461,90.9,82.8,66.2,82.2,55.4,64.4,3.3,17,51,5,7,8,2,1,2,27.9,81.1,0
STU2462,56.2,70.6,60.3,62.4,69.7,77.0,3.49,10,35,6,5,8,1,4,3,17.2,52.0,1
STU2463,93.5,73.3,71.7,75.9,53.8,74.0,3.17,15,35,6,8,9,1,1,0,23.4,70.9,0
STU2464,93.1,84.0,94.7,92.3,72.6,91.4,3.92,21,58,7,12,12,0,1,1,25.4,89.9,0
STU2465,91.1,59.3,67.1,43.3,66.4,83.0,2.75,16,47,5,10,13,3,1,3,24.9,60.0,0
STU2466,45.6,49.0,33.1,64.7,63.8,47.2,2.57,12,35,1,4,10,1,11,1,20.1,31.8,1
STU2467,69.5,87.4,69.4,90.8,62.6,81.9,3.74,14,36,6,8,11,1,4,5,20.7,77.6,0
STU2468,90.9,55.2,53.6,51.4,49.4,49.0,2.45,14,45,4,7,9,1,1,1,24.6,50.6,1
STU2469,89.9,93.2,84.4,77.3,95.0,87.8,3.93,19,50,8,9,10,1,2,3,23.6,92.3,0
STU2470,83.8,32.3,54.0,47.2,57.8,55.9,2.02,15,35,5,7,12,5,0,0,19.9,50.3,1
STU2471,73.1,78.3,83.7,84.4,100.0,68.8,3.94,11,22,8,8,10,0,3,0,16.3,83.3,0
STU2472,75.8,46.8,30.3,46.2,69.0,50.3,2.09,8,31,2,9,14,3,0,0,11.4,47.3,1
STU2473,77.0,74.2,88.8,83.1,93.9,83.6,3.78,18,53,8,6,8,1,1,1,25.4,84.5,0
STU2474,60.3,52.7,62.1,64.9,45.0,62.6,3.06,11,33,5,9,14,3,2,2,11.9,47.9,0
STU2475,80.4,81.5,96.7,100.0,91.2,98.2,3.99,15,40,8,7,8,0,1,3,24.1,92.9,0
STU2476,78.1,51.5,54.3,50.4,51.4,53.6,2.15,9,25,3,5,9,2,1,0,14.8,51.4,1
STU2477,80.4,67.8,78.6,56.6,58.4,85.1,3.11,13,32,6,10,12,4,2,6,17.0,66.5,0
STU2478,95.3,74.0,91.9,100.0,81.6,82.2,3.94,15,40,5,12,12,0,0,3,18.5,86.6,0
STU2479,77.2,49.8,78.8,81.1,79.9,69.3,3.05,18,39,6,7,10,1,2,2,22.6,74.8,1
STU2480,79.8,67.2,75.2,100.0,76.4,73.9,3.26,14,36,6,6,9,0,2,2,21.9,86.4,0
STU2481,80.9,78.8,71.7,62.3,57.7,65.4,3.39,14,38,5,9,12,1,0,1,21.6,69.9,0
STU2482,69.0,38.8,82.8,61.6,74.8,71.9,2.91,13,41,5,9,13,2,3,1,17.4,62.1,1
STU2483,90.3,72.2,82.5,52.5,59.3,100.0,3.26,17,47,7,11,13,3,0,3,20.8,73.2,0
STU2484,85.9,68.5,76.2,75.6,70.8,73.3,3.17,16,49,6,10,14,0,0,1,24.7,69.8,0
STU2485,93.4,99.5,71.5,81.1,72.5,93.8,3.8,19,59,5,7,8,1,1,0,23.9,89.9,0
STU2486,83.3,47.1,37.9,64.3,48.1,51.8,2.09,10,35,4,6,10,2,2,0,16.7,52.4,0
STU2487,97.8,68.4,67.0,52.2,69.9,58.3,2.56,14,42,8,10,11,2,0,2,20.8,63.6,0
STU2488,96.5,92.7,88.5,72.8,62.9,73.6,3.9,19,53,8,8,8,1,0,1,26.4,81.9,0
STU2489,83.7,67.0,74.3,78.4,100.0,77.8,3.78,15,38,7,8,9,1,1,3,23.4,82.0,0
STU2490,96.1,77.8,71.0,47.6,36.4,57.9,2.91,15,46,6,10,12,4,0,3,17.8,58.1,0
STU2491,80.5,73.7,85.8,77.6,59.6,90.0,3.24,15,51,7,7,8,1,1,3,16.4,77.9,0
STU2492,69.1,57.8,60.9,30.6,63.9,54.1,2.55,13,39,3,6,11,2,5,1,17.6,42.3,1
STU2493,56.1,76.4,34.8,43.6,64.4,43.7,2.38,6,30,3,6,11,3,10,0,18.2,39.6,1
STU2494,89.7,52.7,66.5,45.0,62.4,78.8,2.93,16,37,5,11,13,2,0,4,27.6,57.6,0
STU2495,86.0,77.3,54.4,56.5,59.7,53.0,2.71,13,32,3,7,9,0,2,0,24.1,59.8,0
STU2496,92.8,73.2,69.0,88.5,73.7,68.2,3.17,17,52,4,7,8,2,0,2,23.2,76.2,0
STU2497,88.1,55.6,49.4,51.5,48.9,54.6,2.16,14,41,2,7,10,2,0,0,15.0,51.7,1
STU2498,54.7,75.5,68.5,69.6,100.0,88.4,3.95,17,54,6,5,8,2,8,0,17.0,60.8,1
STU2499,68.2,78.3,65.8,82.5,92.2,88.3,3.97,17,47,6,10,13,4,5,4,21.5,78.7,0
STU2500,86.6,73.0,73.5,75.6,84.0,80.7,3.4,18,46,7,12,14,2,1,4,23.4,82.5,0
STU2501,97.9,78.2,67.4,76.2,51.6,76.5,3.07,18,49,6,10,11,2,1,4,28.2,76.3,0
STU2502,98.0,54.4,35.8,47.7,58.1,70.7,2.62,15,35,2,7,9,1,1,1,23.1,58.9,0
STU2503,84.6,87.4,98.6,85.9,69.9,84.2,3.63,16,39,6,8,9,1,0,3,22.4,92.4,0
STU2504,79.0,70.7,82.5,45.5,55.5,64.7,3.37,16,50,5,7,10,2,2,3,20.1,65.2,0
STU2505,60.0,36.5,42.9,37.0,60.3,48.0,2.33,11,37,3,4,9,2,9,0,14.6,31.1,1
STU2506,81.8,80.6,80.7,78.6,69.3,74.3,3.82,15,44,5,12,13,1,0,0,22.2,79.7,0
STU2507,72.5,87.0,62.5,83.1,84.5,79.1,3.65,15,34,5,9,13,0,3,4,22.5,81.8,0
STU2508,95.8,87.0,100.0,89.7,62.4,86.7,3.9,17,46,7,13,13,1,1,7,24.4,89.7,0
STU2509,68.2,74.2,88.2,57.1,97.6,98.3,3.45,12,29,7,6,9,1,3,1,14.4,68.1,1
STU2510,74.4,63.5,69.1,58.1,55.0,70.2,3.23,16,51,5,7,9,2,3,0,24.9,65.5,1
STU2511,94.3,75.5,77.9,67.1,65.8,55.7,2.84,15,40,6,11,13,1,0,1,22.3,66.6,0
STU2512,59.0,81.4,75.1,76.9,89.9,76.6,3.87,18,45,7,6,9,2,4,2,20.7,67.1,1
STU2513,87.2,99.3,67.5,77.4,67.4,90.4,3.73,13,38,4,7,9,1,1,2,16.8,83.6,0
STU2514,74.8,45.3,43.6,37.7,64.1,64.7,2.09,10,27,4,7,11,3,3,0,17.8,47.3,1
STU2515,87.2,56.3,52.8,52.3,32.4,45.7,2.05,12,42,5,5,8,1,1,1,18.1,45.2,1
STU2516,93.7,68.3,61.4,57.9,83.1,52.0,2.75,17,44,5,9,12,3,0,1,27.8,64.2,0
STU2517,77.0,88.6,73.1,76.7,74.5,87.5,3.62,16,38,7,7,9,1,1,3,23.1,85.4,0
STU2518,70.3,76.9,78.3,100.0,70.7,70.3,3.97,16,34,7,9,12,2,3,7,19.7,77.3,0
STU2519,55.2,49.0,43.8,27.1,50.0,41.0,2.3,7,22,3,8,14,2,10,0,12.8,30.2,1
STU2520,89.3,72.9,72.6,53.0,80.0,72.4,3.19,13,35,6,10,12,2,0,3,19.1,64.1,0
STU2521,65.0,55.7,45.5,62.5,52.7,57.3,2.76,12,28,4,6,11,2,4,5,15.2,55.6,0
STU2522,95.7,92.8,80.3,83.6,67.9,99.2,3.94,15,48,6,9,9,0,0,2,19.1,88.4,0
STU2523,74.0,80.3,62.5,74.9,71.9,72.7,3.68,14,43,6,10,13,1,2,3,22.6,74.6,0
STU2524,85.3,81.7,89.0,73.5,57.5,80.6,3.68,17,47,7,10,12,4,0,0,25.8,73.8,0
STU2525,52.9,56.6,33.9,52.4,91.4,57.1,2.94,9,34,5,5,9,0,6,1,17.4,40.6,1
STU2526,79.0,75.8,73.7,76.3,53.9,65.7,2.83,16,48,4,7,10,1,2,2,27.1,73.0,0
STU2527,89.7,69.7,74.8,65.2,70.7,63.3,2.55,16,41,6,10,14,2,2,0,20.3,68.2,0
STU2528,73.1,53.5,44.6,51.1,54.8,52.2,2.11,7,17,3,7,13,3,5,0,17.3,46.6,1
STU2529,71.2,74.4,49.2,64.1,61.2,88.0,3.73,13,42,5,7,10,0,4,3,16.9,64.0,0
STU2530,74.1,70.0,70.8,65.3,74.3,82.4,3.63,10,32,4,7,10,1,5,1,13.2,74.0,0
STU2531,73.5,92.0,80.1,56.7,91.8,90.3,4.0,14,41,7,10,12,0,5,1,15.0,79.5,0
STU2532,82.3,94.8,73.6,79.4,77.1,72.8,3.99,18,46,5,9,10,0,1,5,22.7,88.1,0
STU2533,79.2,80.7,62.0,76.3,84.6,70.4,3.11,13,41,4,8,11,2,1,2,18.0,73.7,0
STU2534,41.6,57.6,76.8,70.3,88.4,70.1,3.54,12,31,5,6,11,1,5,0,19.3,47.3,1
STU2535,87.6,86.0,90.4,84.6,92.1,95.7,3.89,13,37,7,11,12,4,0,9,19.8,93.8,0
STU2536,79.0,67.5,68.2,79.7,68.6,74.7,3.7,17,55,7,7,9,0,1,2,20.5,69.2,0
STU2537,83.6,55.2,41.9,47.3,41.2,52.6,2.49,11,29,4,6,8,1,0,1,15.5,45.4,1
STU2538,75.6,71.2,59.0,63.0,54.3,58.7,2.9,13,30,6,6,9,0,2,2,17.3,65.9,0
STU2539,90.4,52.6,54.0,58.6,56.8,62.2,2.26,13,32,6,7,9,1,0,0,13.3,53.7,1
STU2540,53.3,79.6,77.0,60.8,86.8,87.1,3.91,11,37,6,5,9,4,11,2,14.6,56.0,1
STU2541,94.9,75.7,69.1,76.7,35.6,73.4,3.21,13,39,5,8,9,3,1,4,17.0,77.9,0
STU2542,85.6,61.0,63.1,63.3,56.7,68.2,2.46,15,42,6,10,13,1,0,0,25.5,59.9,1
STU2543,69.8,60.6,87.3,65.0,72.5,72.5,3.34,14,37,6,5,8,1,5,0,20.5,66.5,0
STU2544,73.6,69.9,75.6,74.9,64.4,69.3,3.24,16,47,6,9,13,2,3,1,24.5,71.6,1
STU2545,82.6,38.4,60.9,87.0,80.1,61.1,2.72,14,36,4,7,10,1,2,2,15.3,56.8,0
STU2546,89.2,53.7,53.4,48.8,59.7,63.2,2.23,13,39,5,10,14,1,2,0,22.9,54.2,0
STU2547,80.1,60.9,68.0,76.2,89.8,78.2,3.34,11,29,5,7,9,3,1,2,20.6,74.9,0
STU2548,94.1,83.1,82.9,62.2,62.4,96.5,3.04,14,36,7,12,14,5,1,2,13.8,79.7,0
STU2549,80.4,84.3,68.9,78.7,87.2,70.5,3.54,15,39,5,8,11,4,2,1,18.8,81.0,0
